pg#,ID,Year,Title,Inventor,Location,Description,Dependencies,Type,Field,URL
,biped,4000000 BCE,Bipedal species,,,,,Discovery,,https://en.wikipedia.org/wiki/Bipedalism#Evolution_of_human_bipedalism
,stone-tool,2000000 BCE,Stone tools,,,,biped,Invention,,https://en.wikipedia.org/wiki/Stone_tool
,fire,500000 BCE,Fire tamed,,,,stone-tool,Invention,,https://en.wikipedia.org/wiki/Control_of_fire_by_early_humans
,religion,200000 BCE,Religion,,,,fire,Social,,https://en.wikipedia.org/wiki/Prehistoric_religion
,art,20000 BCE,Art,,,,stone-tool,Social,,https://en.wikipedia.org/wiki/Prehistoric_art
,bow,20000 BCE,Bows and arrows,,,,stone-tool,Invention,War,https://en.wikipedia.org/wiki/History_of_archery#Prehistory
,oil-lamp,20000 BCE,Oil lamps,,,,fire,Invention,,https://en.wikipedia.org/wiki/Oil_lamp
,animal-dom,12000 BCE,Animals domesticated,,,Not horses. Maybe dogs and oxen?,biped,Technique,Agriculture,https://en.wikipedia.org/wiki/Domestication_of_animals
,agriculture,8000 BCE,Agriculture,,,,animal-dom,Technique,Agriculture,https://en.wikipedia.org/wiki/History_of_agriculture
,pottery,7000 BCE,Pottery,,,,biped,Invention,Culture,https://en.wikipedia.org/wiki/Pottery#History
,fish-nets,6000 BCE,Fishing nets,,,Made out of linen.,stone-tool,Invention,Agriculture,https://en.wikipedia.org/wiki/Fishing_net#History
,raft,6000 BCE,Rafts,,,,stone-tool,Invention,Transportation,
,sickle,6000 BCE,Sickles,,,,stone-tool,Invention,Agriculture,
,irrigation,5000 BCE,Irrigation,,,,agriculture,Technique,Agriculture,
,scales,5000 BCE,Weight scales,,,For measurement,stone-tool,Technique,Math,
,copper,4000 BCE,Copper,,,First obtained from ore,stone-tool,Technique,,
,sundial,4000 BCE,Sundial,,,,stone-tool,Invention,Transportation,
,bronze,3600 BCE,Bronze,,,Bronze first smelted.,copper,Technique,,
,carts,3500 BCE,Wheeled carts,,,,stone-tool,Invention,Agriculture,
,river-boat,3500 BCE,River boats,,,First used on the Nile.,raft,Invention,Transportation,
,writing,3500 BCE,Writing,,,Oldest surviving example of writing on parchment.,animal-dom,Social,Culture,
,plow,3500 BCE,Plows,,,,agriculture,Invention,Agriculture,
,nation,3100 BCE,Nations,,Egypt,Egypt,agriculture,Institution,Culture,
,candle,3000 BCE,Candles,,,Made out of animal fat.,animal-dom,Invention,,
,calendar,2800 BCE,Calendar,,,,writing,Invention,Culture,
,stone-monument,2650 BCE,Stone monuments,,,Oldest surviving stone monuments,religion,Institution,Architecture,
,literature,2500 BCE,Literature,,,,writing,Institution,Culture,
,glass,2500 BCE,Glass,,,,fire,Technique,,
,empire,2340 BCE,Empires,Sargon,Akkad,,nation,Institution,,
,horse-tamed,2000 BCE,Horses,,,First domesticated horses,animal-dom,Technique,Transportation,
,numbers,1800 BCE,Number system,,Egypt,Base 60,writing,Invention,Math,
,fermentation,1800 BCE,Fermentation,,,"According to Wikipedia, fermentation was used in 6000 BCE in China.",agriculture,Discovery,Natural Science,
,law,1775 BCE,Code of Laws,King Hammurabi,Babylon,First surviving law code established,writing,Social,,
,medicine,1550 BCE,Recorded medicine,,,First surviving account of medical remedies: Eber’s Papyrus,animal-dom,Discovery,Medicine,
,alphabet,1500 BCE,Phonetic alphabet,,,Phonecian alphabet,writing,Social,,
,monotheism,1375 BCE,Monotheism,Pharoah Amenhotep IV,Egypt,First in Egypt,religion,Social,,
,dye,1200 BCE,Dyes,,,Dyes resistant to sun and water invented.,,Invention,,
,sea-navigation,1100 BCE,Sea navigation ,,,Phonecians,river-boat,Technique,Transportation,
,steel,1000 BCE,Steel,,,Iron Age begins,bronze,Invention,,
,arches,750 BCE,Architectural arches,,,Etruscans,stone-monument,Technique,Architecture,
,aqueducts,700 BCE,Aqueducts,,,,stone-monument,Technique,Architecture,
,zoo,700 BCE,Zoos,Sennacherib,Assyria,,animal-dom,Institution,Architecture,
,sundial,700 BCE ,Sundials,,,,,Invention,Transportation,
,library,640 BCE,Libraries,Ashurbanipal,Assyria,,literature,Institution,Architecture,
,coin,640 BCE,Currency (Coins),,,Lydian government issued pieces of gold w/ standard weight,numbers,Social,,
,eclipse,585 BCE,Solar eclipse predicted,Thales,Greece,,numbers,Technique,Space,
,water-element,580 BCE,Water as element,,,Water as an element theorized,,Discovery,Chemistry,
,irrational-numbers,520 BCE,Irrational numbers,Pythagoras,Greece,Unit isoceles right triangle with hypotenuse sqrt(1),numbers,Technique,Math,
,realistic-maps,510 BCE,Realistic maps,Hecateus,Greece,,writing,Invention,Navigation,
,ocean-navigation,500 BCE,Ocean navigation,,Phonecia,Early exploration of the Atlantic ocean,sea-navigation,Technique,Navigation,
,cadaver,500 BCE,Human dissection,Alcmaeon,Greece,,medicine,Technique,Medicine,
,abacus,500 BCE,Abacus,,,Earliest: Greece,numbers,Invention,Math,
,venus-named,500 BCE,Venus named,Pythagoras,Greece,I guess it’s significant that the evening star and morning star were identified.,,Discovery,Space,
,dream-interpretation,480 BCE,Dream interpretation,,,Rational interpretation of dreams theorized,,Technique,Philosophy,
,rationalism,440 BCE,Rationalism,Leucippus,Greece,Everything has a non-divine cause.,religion,Technique,Philosophy,
,atom,440 BCE,Atoms,Democritus,Greece,Early atoms theorized (the world is made of indivisible particles),,Discovery,,
,epilepsy,420 BCE,Epilepsy,,,"Epilepsy the disease discovered. Hippocrates thought disease was due to a misbalance between the four humors: blood, phlegm, bile, black bile.",medicine,Discovery,Medicine,
,catapult,400 BCE,Catapult,Under Dionysius,Greece,,numbers,Invention,War,
,university,387 BCE,Universities,Plato,Greece,,library,Institution,,
,heliocentricity-theory,350 BCE,Heliocentricity theorized,Philolaus,Greece,,,Discovery,Space,
,spherical-earth,350 BCE,Spherical earth theorized,Pythagoras,Greece,,,Discovery,Geography,
,logic,350 BCE,Logic,Aristotle,Greece,,numbers,Technique,Math,
,five-elements,350 BCE,Five elements theorized,Aristotle,Greece,,atom,Discovery,Chemistry,
,animal-classification,350 BCE,Animal classification,Aristotle,Greece,,animal-dom,Discovery,Biology,
,star-maps,350 BCE,Star maps,Eudoxus,Greece,,realistic-maps,Technique,Space,
,botany,320 BCE,Botany book,Theophrastus,Greece,,,Discovery,Biology,
,paved-road,312 BCE,Paved roads,Appius Claudius,Greece,Appian Way,stone-monument,Invention,,
,geometry,300 BCE,Geometry ,Euclid,Greece,,logic,Technique,Math,
,tides,300 BCE,Tides,Pytheas,Greece,,ocean-navigation,Discovery,Navigation,
,arteries-veins,300 BCE,Arteries vs veins,Praxagoras,Greece,,medicine,Discovery,Medicine,
,brain-areas,280 BCE,Parts of brain,"Erasistratus, Herophilus",Greece,,medicine,Discovery,Medicine,
,moon-sun-size,280 BCE,Moon and sun size estimate,Aristarchus,Greece,,,Technique,Space,
,lighthouse,280 BCE,Lighthouses,,Greece,Lighthouse of Alexandria (at Pharos),ocean-navigation,Technique,Navigation,
,water-clock,270 BCE,Water clocks,Ctesibius,Greece,,sundial,Invention,,
,lever-math,260 BCE,Lever mathematics,Archimedes,Greece,Also estimated the value of pi to 3.142,logic,Technique,Math,
,earth-size,240 BCE,Earth size estimate,Eratosthenes,Greece,,geometry,Discovery,Geography,
,year-number,240 BCE,Standardized years,Seleucus I,Greece,"Formerly ""the seventh year of King X""",calendar,Social,,
,great-wall,214 BCE,Great Wall,Shih Huang Ti,China,,stone-monument,Technique,Architecture,
,parchment,170 BCE,Parchment,Eumenes II,Pergamum (Hellnistic),"Previously papyrus, now animal skin.",animal-dom,Invention,,
,moon-distance,150 BCE,Distance to moon estimate,Hipparchus,Greece,,geometry,Discovery,Space,
,star-maps-better,134 BCE,Better star maps,Hipparchus,Greece,"Including magnitudes (brightnesses), included 1000 stars",star-maps,Technique,Space,
,glass-blowing,100 BCE,Glass blowing,,Syria (Hellenistic),Previously glass making was done by hand,glass,Technique,,
,water-wheel,85 BCE,Water wheels,,,"First written mention, likely invented earlier. According to wikipedia, MUCH earlier.",carts,Invention,Power,
,julian-calendar,46 BCE,Julian calendar,Sosigenes,Greece,Julian calendar (including leap year) adopted,year-number,Institution,,
,climactic-zone,25,Climactic zones,Pomponius Mela,Greece,first suggested,realistic-maps,Discovery,,
,medicinal-plants,50,Recorded medicinal plants,Pedanius Dioscorides,Greece,"Described 600 plants, 1000 drugs.",fermentation,Discovery,Medicine,
,steam-engine,50,Rudimentary steam engine,Hero,Greece,"Worked like a modern lawn sprinkler, had no bearing on society",fire,Invention,Power,
,paper,105,Paper,Thai Lun,China,Took 1000 years to reach Europe,parchment,Invention,,
,geocentric-universe,140,Geocentric universe,Ptolemy,Greece,Remained canon for 14 centuries,star-maps-better,Discovery,Space,
,spinal-cord,180,Spinal cord,Galen,Greece,Cut animals’ spines to see resulting paralysis,medicine,Discovery,Medicine,
,algebra,250,Algebra,Diophantus,Greece,Fractions can be treated as numbers.,geometry,Technique,Math,
,tea,250,Tea,,China,Reduced infection since it required water to be boiled,,Discovery,,
,alchemy,300,Recorded alchemy ,Zosimus,Greece,Unclear why this matters.,five-elements,Technique,Chemistry,
,metal-stirrup,300,Metal stirrups,,China,"More stability for the rider, less chance to be thrown off horse in battle",steel,Invention,Transportation,
,wheelbarrow,400,Wheelbarrows,,China,Potentially much earlier than 400.,steel,Invention,Farming,
,dome,537,Architectural domes,Emperor Justinian (funder),Rome,Hagia Sophia,geometry,Technique,Architecture,
,silk-europe,552,Silk in Europe,Emperor Justinian (funder),Rome/China,Constantinople began silk production,paved-roads,Social,Trade,
,turnplow,600,Moldboard plows,,Slavs,"A plow with a vertical knife-blade that cut deep into the earth. Useful for damp, moist ground, led to increase in carrying capacity. Aka Turnplow",plow,Invention,Farming,
,greek-fire,673,Greek fire,Callnicus,Byzantium,A napalm like weapon for naval battle,catapult,Invention,War,
,porcelain,700,Porcelain,,China,"Eventually came to Europe, known as “China” and replaced wood dishes",pottery,Invention,,
,acetic-acid,750,Acetic acid,Jamir bin Hayyan (Geber),Arabia,"Found accidentally, while trying to find an alchemic elixir of life",fermentation,Discovery,Chemistry,
,iron-horseshoes,770,Iron horseshoes,,Europe???,(Outside of Asimov: Frankish King Childeric in 550),steel,Invention,,
,zero,810,Zero,Muhammad bin Al-Khwarizmi,Arabia,Around 500 zero as a symbol was invented in India.  First used in positional notation,algebra,Technique,Math,
,coffee,850,Coffee,,Arabia,"Muslims didn’t know about tea, couldn’t drink alcohol, so needed some water that was treated.",,Discovery,,
,arctic-circle,870,Arctic circle,Ottar,Viking,First crossing into the arctic circle,ocean-navigation,Discovery,Geography,
,iceland-settled,847,Iceland settled,Ingolfur Arnarson,Viking,"Europe’s first expansion to new land overseas. Iceland first discovered around 550 by Brendan, an Irishman",ocean-navigation,Discovery,Geography,
,horse-collar,900,Horse collars,,Europe?,"Allowed horses to pull by their shoulders not their windpipe, increasing pulling capacity by 5x",plow,Invention,,
,greenland,982,Greenland,Erik the Red,Viking,,iceland-settled,Discovery,Geography,
,newfoundland,1000,Newfoundland and Labrador discovered,Leif Ericksson,Viking,,iceland-settled,Discovery,Geography,
,optics,1025,Optics,Alhazen,Arabia,Human vision understood and vision correcting lenses invented. Foundation of the field of optics,glass-blowing,Invention,Medicine,
,crossbow,1050,Crossbows,,France,"First mechanized handheld weapon. Range of 300m, penetrated chainmail",lever-math,Invention,War,
,new-star,1054,New star,,China,Creation of new star witnessed. Went unnoticed in Europe,,Discovery,Space,
,bright-comet,1066,Bright comets,,Nomandy,,,Discovery,Space,
,gunpowder,1044,Gunpowder,,China,Used by the Chinese in war mostly to scare the mongols (not efficient weapons),fire,Invention,War,
,fork,1071,Forks (Europe),,Byzantoum,"Originated in Byzantium, arrived in Venice. Replaced eating with fingers",steel,Invention,,
,flying-buttress,1137,Flying buttresses,Suger,France,St. Denis in 1137. ,dome,Technique,Architecture,
,windmill,1180,Windmills (Europe),,Persia,"Actually invented around 700, brought to France from persia. Alternative power to water wheels",water-wheel,Invention,Power,
,compass,1180,Magnetic navigation,Alexander Neckham ,England,Magnetic compasses first used for navigation. Thales of Greece discovered magnetixation of metal. Chinese discovered N-S orientation. ,ocean-navigation,Invention,Navigation,
,spitzbergen,1194,Spitz bergen,,Vikings,Extremely far north islands at 79 degrees N,ocean-navigation,Discovery,Geography,
,arab-numbers,1202,Arabic numerals (Europe),Al-Khwarizmi,Arabia,"Popularized by Fibonacci, but existed in parallel with Roman numerals for 3 centuries",zero,Invention,Math,
,coal-mining,1228,Coal mining,,England,First mined in Newcastle. Important in England since land was being deforested.,fire,Technique,,
,rudder,1241,Rudders (Europe),,Arabia,Likely brought back from crusades. Widely used by ships of Hanseatic League,ocean-navigation,Invention,Navigation,
,eyeglass,1249,Eyeglasses invented,Roger Bacon,England,Invented in China around the same time. Only convex.,optics,Invention,Optics,
,gunpowder-europe,1249,Gunpowder (Europe),,China,Perfected by Europeans to make it a serious weapon,gunpowder,Invention,War,
,planetary-table,1252,Planetary tables,Alfonso X (funder),Castile,More accurate than Ptolemy's geocentric model,geocentric-universe,Discovery,Space,
,magnetic-pole,1269,Magnetic poles,Pelerin de Maricourt,France,"Poles discovered, magnetic compass improved. Proto-experimental science",compass,Discovery,Navigation,
,mirror,1291,Mirrors,,Venice,"Previously all glass was colored, but with clear glass, all it took was a backing metal surface",glass-blowing,Invention,,
,far-east,1298,Far east (Europe),Marco Polo,Venice,Far east became a wonder-goal for European dreamers,paved-roads,Discovery,Geography,
,spinning-wheel,1298,Spinning wheels,,Europe,"Previously done by hand, spinning wheels made the process much easier",lever-math,Invention,,
,longbow,1298,Longbows,,Wales,"Twice the range of a crossbow, far greater force. Big implications for war",crossbow,Invention,War,
,sulfuric-acid,1300,Sulfuric acid,"""False Geber""",Arabia,Far stronger than acetic acid,acetic-acid,Discovery,Chemistry,
,distillation,1300,Liquor distillation,Arnau de Villanova,Spain,Much faster than waiting for natural fermentation. Villanova made Brandy,fermentation,Invention,Chemistry,
,comet-depiction,1304,Realistic comets,Giotto di Bondone,Italy,"First realistic depiction of a comet as seen by naked eye. Painted in ""Adoration of the Magi""",art,Discovery,Space,
,canary-islands,1312,Canary islands (Europe),,Geona,Originally discovered in 40 BCE by King of Mauritania,ocean-navigation,Discovery,Geography,
,anatomy,1316,Anatomy book,Mondino de Luzzi,Italy,"After a ban, cadaver dissection became possible again",cadaver,Discovery,Biology,
,mechanical-clock,1335,Mechanical clocks,,Italy,"Weight-powered, more accurate than water clock. Hourly chimes",water-clock,Invention,,
,cannon,1346,Cannons,Edward III (funder),England,Primitive cannons used at siege of Metz,gunpowder,Invention,War,
,quarantine,1403,Quarantine,,Venice,Venician policy to delay strangers from entering the city until a waiting period had passed (40 days),medicine,Discovery,Medicine,
,indian-ocean,1405,Indian ocean,Cheng Ho (Zheng He),China,"Led expedition to Red Sea, India, Ceylon, brought back ruler of Ceylon as prisoner",ocean-navigation,Discovery,Geography,
,madeira,1418,Madeira settled,Prince Henry the Navigator,Portugal,Kicked off the European Age of Exploration,ocean-navigation,Discovery,Geography,
,azores,1427,Azores,Diogo de Sevilha,Portugal,"1/3 of the way to America. Like Madeira, originally uninhabited, also still part of Portugal",madeira,Discovery,Geography,
,perspective,1436,Perspective drawing,Leon Battista Alberti,Italy,Book published about how to draw in perspective,optics,Invention,Art,
,artillery,1439,Artillery,Jean and Gaspard Bureau,England,Improved upon cannons. Artillery was good against city walls,cannon,Invention,War,
,arquebus,1450,Arquebus,,Spain,First gun small enough to be fired by one person,artillery,Invention,War,
,concave-lenses,1451,Concave lenses,Nicholas of Cusa,Germany,Previous lenses (convex) were only for farsighted people,eyeglass,Invention,,
,movable-type,1454,Movable type,Johannes Gutenberg,Germany,Proto-printing was done by Sumerians and Chinese,paper,Invention,Writing,
,comet-tracking,1472,Comet trajectory tracking,Johann Muller,Germany,"Comets usually viewed with terror, now understood rationally.",optics,Discovery,Space,
,cape-good-hope,1487,Cape of Good Hope,Bartholomeu Diaz,Portugal,"Initially called Cape of Storms, renamed as Good Hope by John II who knew it would open trade routes with orient",ocean-navigation,Discovery,Geography,
,new-world,1492,New world (Europe),Christopher Columbus,Italy,"Funding from Spain, first landing: Bahamas.",ocean-navigation,Discovery,Geography,
,magnetic-declination,1492,Magnetic declination,Christopher Columbus,Italy,Saw declination of the compass compared to the stars,magnetic-pole,Discovery,Navigation,
,syphilis,1495,Syphilis,,Italy/France,Breakout during siege of Naples by France. Named after the protagonist of a poem that had syphilis.,quarantine,Discovery,Medicine,
,india-water-route,1497,India water (Europe),Vasco da Gama,Portugal,Lost 3/5 of crew to scurvy.,cape-good-hope,Discovery,Geography,
,america,1502,America  (Europe),Amerigo Vespucci,Italy,Realized they weren't in Asia,new-world,Discovery,Geography,
,hand-watch,1504,Spring-powered watches,,,"Allowed much smaller, non-vertical clocks",mechanical-clock,Invention,,
,pacific-ocean,1513,Pacific ocean (Europe),Nunez de Balboa,Spain,"In search of asian wealth, crossed panama to get to the Pacific. Called it the ""south sea"".",ocean-navigation,Discovery,Geography,
,florida,1513,Florida,Ponce de Leon,Spain,First portion of USA to be settled by Europeans,pacific-ocean,Discovery,Geography,
,mexico,1519,Mexico conquered,de Cordoba/Cortez,Spain,"17: Landed on Yucatan, traces of Maya 19: landed and went to war",pacific-ocean,Discovery,Geography,
,around-earth,1523,Earth circumnavigated,Ferdinand Magellan,Potugal,"Didn't know Magellan died in Guam, not technically finishing",pacific-ocean,Discovery,Geography,
,peru,1531,Peru conquered,Francisco Pizarro,Spain,Spain held it for 3 centuries,pacific-ocean,Discovery,Geography,
,cubic-equations,1535,Cubic equations,Niccolo Tartaglia/Geronimo Cardano,Italy,Quadratic equations had been solved for a long time,algebra,Technique,Math,
,comet-tails,1538,Comet tails,Girolamo Fracastoro,Italy,Comet tails always point away from the sun. News to me! Also independently discovered by Peter Bennewitz,comet-tracking,Discovery,Space,
,mississipi-river,1541,Mississipi river (Europe),Hernando de Soto,Spain,Commisioned by Charles V,america,Discovery,Geography,
,amazon-river,1542,Amazon river (Europe),Francisco de Orellana,Spain,"Actually went west to east, from Quito to Marajo",america,Discovery,Geography,
,heliocentricity-pratice,1543,Mathematics of heliocentricity,Nicolaus Copernicus,Poland,Still kept the concentric circle constraint the Greeks proposed but greatly improved math.,heliocentricity-theory,Technique,Math,
,illustrated-anatomy,1543,Illustrated anatomy book,Andreas Vesalius,Flanders,"Published ""Concerning the Structure of the Human Body"" including illustrations of human anatomy","anatomy, art",Invention,Natural Science,
,negative-numbers,1545,Negative numbers,Geronimo Cardano,Italy,"First used to represent debt. Also negative integers, fractions, irrationals.",algebra,Invention,Math,
,surgery,1545,Rational surgery,Ambroise Pare,France,"Improved surgical techniques, eg. tying off arteries rather than burning.",anatomy,Technique,Medicine,
,trig-tables,1551,Trigonometric tables,Rhaticus,Germany,Built tables of angle ratios to make astronomy calculations easier,heliocentricity-practice,Technique,Math,
,better-planetary-table,1551,Better planetary tables,Erasmus Reinhold,Germany,Used Copernicus' math to improve over previous planetary tables.,planetary-tables,Invention,Space,
,eustacian-tubes,1552,Eustacian tubes,Bartolommeo Eustacio,Italy,"Described tube going from ear to throat, as well as adrenal glands published a new anatomy book",illustrated-anatomy,Discovery,Medicine,
,northeast-passage,1553,Northeastern passage,Richard Chancellor,England,First crossing through northeastern passage landed in Archangelsk (so not quite the whole way to asia). Improved Russia-English trade relations,arctic-circle,Discovery,Geography,
,homologies,1555,Vertebrate skeletons,Pierre Belon,France,"Similarities between vertebrate skeletons documented, noted that number of bones in limbs were often constant regardless of animal species. Foreshadowed evolution",anatomy,Discovery,Natural Science,
,mineralogy,1556,Mining book,Georg Bauer (Agricola),Germany,Basically founded Mineralogy. Also contributed: Theophrastus Bombastus von Hohenheim (best name ever?),metallurgy,Technique,Natural Science,
,tobacco,1556,Tobacco (Europe),Jean Nicot,France,"Europeans learned about Tobacco from Native Americans. Nicotine named after Nicot, ambassador to Portugal who sent tobacco seeds to France.",america,Discovery,Culture,
,scientific-societies,1560,Scientific societies,Giambattista Della Porta,Italy,"First scientific association for idea exchange “Academy of the Mysteries of Nature” was closed down by the inquisition shortly, but others formed later.",university,Institution,Culture,
,musket,1565,Musket,,,"Arquebus was further refined into a Musket, first weapon to pierce armor. Armor penetrating meant armor was obsolete. Muskets remained principle small arms for 2 centuries",arquebus,Invention,War,
,world-maps,1568,Mercator projection,Gerardus Mercator (orig. Gerard Kramer),Flanders,"Main feature of Mercator projection: movement in a fixed compass direction appears as a straight line on the map. The cover of the book showed Atlas holding the world on his shoulders, this is why books of maps are called atlases.","realistic-maps, geometry",Invention,,
,supernova,1572,Supernova (Europe),Tycho Brahe,Denmark,Observed the process over 485 days (until it became invisible). Notion of heavenly immutability destroyed.,new-star,Discovery,Space,
,greenland,1576,Greenland revisited,Martin Frobisher,England,"Discovered Baffin Island, and second time around, Greenland rediscovered. All Vikings settlers had died or left. No viable NW passage path",northeast-passage,Discovery,Geography,
,comet-distance,1577,Comet distances,Tycho Brahe,Denmark,"Distance to comets proven to be far beyond previous notions. Greeks thought comets were atmospheric phenomenon (!), but Tycho saw no parallax in the comet’s trajectory, proving it was far.",telescope,Discovery,Space,
,drake-strait,1578,Drake Strait,Francis Drake,England,"Discovered a passage around the southernmost tip of South America. Attempting to find Straight of Magellan, which weaves through South American continent (far south), Drake overshot and found an even more southern passage. Coming back around he got as far as SFBA. 60 years after Magellan this was only the second circumnavigation of the world.",around-earth,Discovery,Geography,
,pendulum,1581,Time pendulums,Galileo Galilei,Italy,"First inkling that pendulums might have good time-keeping properties. Most time keeping done via heart rate, dripping water, burning candle, etc. (Surprising, given mechanical watches previously invented)",mechanical-clock,Technique,Natural Science,
,siberia,1581,Siberia settled (Europe),Yermak Timofievich,Russia,"Driven by fur trade, Russia expanded east. Timofievich conquered last Mongol kingdom named Sibir. Eventually paved the way to Russians in the Pacific.",,Discovery,Geography,
,gregorian-calendar,1582,Gregorian calendar,Christoph Clavius,Rome,"Pope mandated a calendar switch, causing holidays to be more aligned with seasons. A leap year every 4 years means a year is 365.25 days, but it’s actually 365.2422 days long. To avoid error new calendar introduced a new rule. Instead of 1/4, 97/100 had to be leap years. To adjust for the offset, 10 days were dropped on October 4, 1582. The next day was October 15.",julian-calendar,Technique,Culture,
,hydrostatics,1583,Hydrostatics,Simon Stevin,Netherlands,Foundational experiment: pressure of liquid on surface depends on height of liquid and area of surface but not shape of vessel,,Discovery,Natural Science,
,decimal-notation,1586,Positional notation,Simon Stevin,Netherlands,"Positional notation including decimals for tenths, hundredths etc columns. Greatly simplified calculations using fractions. Downside: infinitely repeating decimals (eg. 1/3)",mathematics,Technique,Math,
,falling-motion,1589,Falling motion,Galileo Galilei,Italy,Definitive proof that objects fall at same acceleration regardless of their mass. Confusions stemmed from air resistance. Also showed that force not necessary to keep object in perpetual motion. Credited with founding experimental science.,,Discovery,Natural Science,
,cryptanalysis,1589,Code breaking,Francois Vieta,France,Early example of code breaking,mathematics,Technique,Math,
,stocking-frame,1589,Stocking frame,William Lee,England,First knitting machine more efficient than by hand. Elizabeth I refused to grant a patent for fear of throwing hand knitters out of work. First example of technological unemployment.,,Invention,,
,microscope,1590,Microscope,Zachariah’s Janssen,Netherlands,"Janssen, a spectacle maker first stacked two convex lenses to amplify the magnification.",eyeglass,Invention,Natural Science,
,algebraic-symbol,1591,Algebraic symbols,Francois Vieta,France,"Algebraic symbol system proposed, using x and y for variables",,Technique,Math,
,thermometer,1592,Thermometer,Galileo Galilei,Italy,"First quantification of temperature. Simple device consisting of a long glass tube with markings that drew water up into it. As water warmed, it crept higher into the tube.",glass-blowing,Invention,Natural Science,
,east-indies,1596,East indies settled,,Netherlands,"Dutch expansion into Asia. Setup a factory at Palembang on Sumatra, starting the Dutch overseas empire",ocean-navigation,Discovery,Geography,
,pi-accuracy,1596,PI accuracy,Ludolf van Ceulen,Netherlands,"Archimedes estimated to 3.142, but van Ceulen got it to 20 and then 35 decimal places. ",lever-math,Discovery,Math,
,chemistry-textbook,1597,Chemistry book,Andreas Libau,Germany,"Described preparation of hydrochloride and sulfuric and nitric acid. Still Alchemy, but set stage for real chemistry.",,Discovery,Natural Science,
,earth-magnet,1600,Magnetic earth,William Gilbert,England,Discovery that Earth itself is a large magnet. Did a series of magnet-related experiments like disproving that garlic destroys magnetism and diamonds produce it. ,magnetic-declination,Discovery,Natural Science,
,vein-valves,1603,Vein valves,Girolamo Fabrici,Italy,"Discovery that veins have valves that prevent backflow. Galen’s doctrine was that blood was made in liver, carried to heart and pumped through arteries and veins. Fabrici found something else but didn’t dare to go against Galen",,Discovery,Medicine,
,english-settlement-america,1607,English America,John Smith,England,Jamestown became first permanent English settlement in North America,america,Discovery,Geography,
,telescope,1608,Telescope,Hans Lippershey,Netherlands,"First telescope invented. Spectacle maker accidentally found that two lenses, one at a distance from another enabled him to see really far and upside-down.",,Invention,Space,
,french-settlement-america,1608,French America,Samuel de Champlain,France,"Quebec: first permanent French settlement in North America, Commissioned by Henry IV",america,Discovery,Geography,
,elliptical-planetary-orbits,1609,Elliptical orbits,Johannes Kepler,Germany,"Discovery that planetary orbits aren’t circular but elliptical. Working under Tycho Brahe, Kepler found that his teacher’s data worked best for non-circular orbits with sun at one of the foci’s. Also developed Kepler’s laws.",better-planetary-tables,Discovery,Space,
,milky-way,1609,Milky Way,Galileo Galilei,Italy,"Discovery that the Milky Way is full of stars. Galileo replicated Lippershey’s telescope and peered into the Milky Way, discerning many small stars.",telescope,Discovery,Space,
,moon-world,1609,Moon mountains,Galileo Galilei,Italy,"Discovery that the moon has mountains. Also with the help of his telescope, Galileo discerned dark spots on the moon t hat might have been seas. Ultimately it suggested that the moon wasn’t just a globe of light, but a world.",telescope,Discovery,Space,
,jupiter-moons,1610,Jupiter's four moons,Galileo Galilei,Italy,Discovery that Jupiter has 4 moons orbiting it. Another point against egocentrism.,telescope,Discovery,Space,
,venus-phases,1610,Venus phases,Galileo Galilei,Italy,Discovery that Venus has a full range of phases. The discovery strongly suggests heliocentric model.,telescope,Discovery,Space,
,sunspots,1610,Sunspots,Galileo Galilei,Italy,Discovery of sunspots. Annoying to religious conservatives since the sun was supposed to be perfect.,telescope,Discovery,Space,
,nebulas,1612,Nebulas,Simon Marius,Italy,Discovery of nebulas (specifically Andromeda),telescope,Discovery,Space,
,logarithms,1614,Logarithms,John Napier,Scotland,Napier first produced a table of logarithms.,negative-numbers,Technique,Math,
,metabolism,1614,Biological metabolism,Santorum Santorio,Italy,"Beginning of the study of biological metabolism. Self-experimented while eating and drinking, found he lost more weight than the weight of his feces and urine.",,Discovery,Medicine,
,baffin-bay,1616,Baffin Bay,William Baffin,England,"Came as far as 78 deg N, within 800 miles of North Pole, concluding that there was no practical NW passage. Furthest north for 2.5 centuries.",greenland,Discovery,Geography,
,tierra-del-fuego,1616,Tierra Del Fuego,Jakob Le Maire,Netherlands,"Sailed around the southern tip of Cape Horn, which is on a large island.",drake-strait,Discovery,Geography,
,stagecoach,1620,Stagecoaches,,,"Apparently stagecoaches is a horse and carriage that follows a schedule, taking passengers between destinations for payment. (Wow, an early form of public transport)","paved-roads, carts",Invention,Transportation,
,scientific-method,1620,Scientific method,Francis Bacon,England,"New Organon published. Bacon laid out the foundation for the scientific method, going beyond logic. Formalized experimental science.",scientific-societies,Institution,Culture,
,refraction,1621,Light refraction,Willebrord Snel,Netherlands,"Mathematical model for light refraction. Well known that when a beam of light passes from air into water, it bends towards the vertical. Snel quantified it.",,Discovery,Natural Science,
,slide-rules,1622,Slide rules,William Oughtred,England,"Predecessor to slide rules, which were actively used by scientists and engineers for 350 years to calculate logarithms. Only replaced by pocket calculators.",,Invention,Math,
,gas,1624,Gas state,Jan Baptista von Helmont,Flanders,"Gas state of matter formulated. Greeks had four elements, and any vapor was a kind of air. Helmont suggested that like different solids and liquids, there can be different “airs”.",,Discovery,Natural Science,
,even-better-planetary-tables,1627,Better planetary tables,Johannes Kepler,Germany,"Greatly improved by Napier’s logarithms, which was the first application of the technique.","elliptical-planetary-orbits, logarithms, better-planetary-tables",Technique,Space,
,aurochs-extinct,1627,Aurochs extinction,,,"Closest ancestor of cattle became extinct. Aurochs weren’t hunted deliberatey, just ran out of space due to domesticated cows.",,Discovery,,
,blood-circulation,1628,Blood circulation,William Harvey,England,"Circulatory system first understood. “Concerning motion of heart and blood” published, in which circulation is described: right ventricle => lungs => left ventricle => all over body => right ventricle",vein-valves,Discovery,Medicine,
,science-vs-religion,1633,Science religion debates,Galileo Galilei,Italy,"Serious criticism of church worldview. Written in Italian (not Latin), “Dialog on the two chief world systems” was accessible to the public and created a huge stir. Copernicus-supporter was described favorably, Ptolemy-supporter laughed at. Pope forced Galileo to renounce his views.",heliocentricity-practice,Social,Culture,
,magnetic-declination-variation,1635,Shifting magnetic declination,Henry Gellibrand,England,"Discovered that magnetic north and geographic north aren’t the same, and that magnetic north shifts position over time.",magnetic-declination,Discovery,Natural Science,
,analytic-geometry,1637,Cartesian geometry,Rene Descartes,France,"Represented points in 2D space as pairs of coordinates, with graphs of functions first illustrated. Algebraic and geometric solutions. Laid foundation for calculus.",,Technique,Math,
,fermat-last-theorem,1637,Fermat's last theorem,Pierre de Fermat,France,"Conjectured that no 3 positive integers a, b, c exist such that a^n + b^n = c^n (for n > 2). Only proven 350 years later.",,Technique,Math,
,cross-hairs,1641,Cross hairs,William Gascoigne,England,"First cross hairs used in the center of an optical scope. A specific spot could be located and accurately centered at the crossing point of two lines, increasing precision of telescope",,Invention,War,
,quinine,1642,Quinine,,Incas,"Quinine as treatment for malaria in Europe. Incas used bark of cinchona tree, in which active ingredient quinine treats malaria. Allowed Europeans to remain in tropical climates.",,Discovery,Medicine,
,adding-machine,1642,Mechanical calculators,Blaise Pascal,France,"A series of wheels were connected in a clever way so when one rotation was made, the next wheel would turn. First patented in 1649 it was a commercial failure because it was too expensive.",,Invention,Natural Science,
,south-pacific,1642,New Zealand and Tasmania,Abel Janszoon Tasman,Holland,"Seeking a continent entirely in the Southern Hemisphere (predicted by Greeks), European explorers went south. Tasman discovered Indonesia, then Tasmania, then New Guinea and also South Island of New Zealand.",,Discovery,Geography,
,barometer,1643,Barometers,Evangelista Torricelli,Italy,"Major mining problem of the time was that water wouldn’t lift more than 33 ft. To investigate, Galileo’s assistant investigated it, and invented barometer. Cool experiment to boot. Also observed changes in atmospheric pressure over time.",gas,Invention,Natural Science,
,air-pump,1645,Air pumps,Otto von Guericke,Germany,"First practical air pump worked liked a water pump, but more airtight. Used to create vacuums, showed that  in a vacuum, sounds couldn’t be heard, flame can’t burn. Estimated air’s density.",barometer,Invention,Natural Science,
,air-pressure-altitude,1648,Air pressure altitude,Blaise Pascal,France,"Air pressure was found to depend on altitude. Pascal was too sick to go himself, so sent his brother in law up a mountain, saw mercury column descend from 30” to 27”. Showed atmosphere would have finite height of ~100 mi",,Discovery,Natural Science,
,double-star,1650,Double star,Giambattista Riccioli,Italy,First double star observed. Middle star of the Big Dipper is actually two stars very close together.,telescope,Discovery,Space,
,biblical-age-of-earth,1650,Biblical earth age,James Ussher,England,"Theologians decide earth created in 4004 BC. More specifically, 9am on October 26, 4004 BC (what time zone tho?)",,Social,Culture,
,names-on-moon,1651,Moon features named,Giambattista Riccioli,Italy,"Features of the moon first named. Published a map of the moon in “New Algamest” and named craters of the moon after famous astronomers: Tycho, Copernicus, Ptolemaeus, and Kepler.",telescope,Discovery,Space,
,lymphatic-vessels,1653,Lymphatic vessels,Olof Rudbeck,Sweden,"Veins and arteries well known, but a third type of vessel resembling veins was found. These vessels had thinner walls, carried “lymph”, or watery parts of blood. Took back interstitial fluid from outside of cells.",blood-circulation,Discovery,Medicine,
,probability,1654,Probability,Chevalier de Mere,France,"Consulting with Pascal and Fermat, a certain gambler wanted to understand why he kept losing at dice. These greats formulated a mathematics for considering a large number of random events, unpredictable on their own, but in predictable in aggregate.",cryptanalysis,Technique,Math,
,air-pressure,1654,Early pneumatics,Otto von Guericke,Germany,Demonstrated power of air pressure through experiments: fifty men struggled to pull a cylinder out of a vacuum. Teams of horses tried to separate two hemispheres sealed in a vacuum.,air-pump,Technique,Natural Science,
,saturn-ring,1656,Saturn's ring,Christian Huygens and Baruch Spinoza,Netherlands,"Build a large telescope (23ft long) with better lens grinding techniques, and were able to see Saturn’s rings, which eluded Galileo. Also saw Orion Nebula rather than a single star.",telescope,Discovery,Space,
,pendulum-clock,1656,Grandfather clocks,Christian Huygens,Netherlands,An ordinary pendulum swings in the arc of a circle and doesn’t have a constant period (?). But a cycloid trajectory enables a constant period. The clock involved counterweights and a cycloid always pendulum and could tell time far better than its predecessor.,pendulum,Invention,Natural Science,
,falling-bodies,1657,Falling motion experiment,Robert Hooke,England,"Definitive experiment created a vacuum (mitigating air resistance) using an air pump and dropped feather and coin at the same time, and they fell at the same speed","air-pump, falling-bodies",Discovery,Natural Science,
,red-blood-cells,1658,Red blood cells,Jan Swammerdam,Netherlands,"Red blood cells first seen in blood w/ microscope. Due to improvements in microscopes in 1650s, Swammerdam studied insects. Father of modern entomology (study of insects).",microscope,Discovery,Medicine,
,syrtis-major,1659,Syrtis Major,Christian Huygens,Netherlands,Dark triangular marking on Mars,telescope,Discovery,Space,
,capillaries,1660,Capillaries,Marcello Malpighi,Italy,"Capillaries first seen under microscope. Previous unclear was how blood got from arteries to veins (to get back to heart). Harvey's theory suggested that there should be vessels, but they were too small to see.",blood-circulation,Discovery,Medicine,
,static-electricity,1660,Static electricity,Otto von Guericke,Germany,"First demonstration of static electricity at scale. Inspired by attractive forces from rubbing amber (elektron in Greek), Guericke built a sulfur globe that could be rotated to generate a lot of static electricity and then produce sparks.",,Technique,Natural Science,
,chemical-elements,1661,Scientific chemistry,Robert Boyle,England,"Definition of chemical elements. 2000 years after Aristotle's 4 elements, published ""The Skeptical Chymist"", changing the name alchemist => chemist.  Suggested defining elements as components that can't be converted into anything simpler.",five-elements,Discovery,Natural Science,
,acid-base,1661,Acid-base balance,Franz Deleboe,Netherlands,"Acid-base balance is necessary for health. Supplanted the 4 humor theory (bile, blood, phlegm, black bile) with acid-base balance. Suggested digestion was more chemical than mechanical.",epilepsy,Discovery,Medicine,
,boyles-law,1662,Boyle's law,Robert Boyle,England,Experiments in compressing gas showed an inverse relationship between volume and pressure in gas.,air-pressure,Discovery,Natural Science,
,royal-society,1662,Royal Society,Charles II,England,"The English Royal Society became the first scientific society, other nations modeled theirs after it. Legal charter.",scientific-societies,Institution,Natural Science,
,jupiter-red-spot,1664,Jupiter's Red Spot,Robert Hooke,England,It's so huge the whole Earth could fit inside.,telescope,Discovery,Space,
,cell,1665,Cells,Robert Hooke,England,"Published Micrographia which outlined his work. Looked at structure of cork, saw dead cells. First use of the term ""cell""",microscope,Discovery,Medicine,
,light-diffraction,1665,Diffraction,Francesco Maria Grimaldi,Italy,Saw light bending around objects. First inkling that light may have wave like properties.,optics,Discovery,Natural Science,
,planet-rotations,1665,Planetary rotation,Gian Domenico Cassini,Italy,"All planets rotate around their own axes. Discovered that Mars has a period of 24h40m, Jupiter 9h56m.",telescope,Discovery,Space,
,light-spectrum,1666,Prisms,Isaac Newton,England,First observed light spectrum. Used a prism to see a band of colors emerge from white light. Then used another prism to recombine it back into white light.,"telescope,microscope",Discovery,Natural Science,
,conservation-momentum,1668,Conservation of momentum,John Wallis,England,Momentum (p=mv) must be conserved in a closed system. First of the fundamental conservation laws.,falling-bodies,Discovery,Natural Science,
,no-spontaneous-generation,1668,No spontaneous generation,Francesco Redi,Italy,Devised a biological experiment with controls (first of its kind) to see if spoiled meat in a sealed flask would generate maggots. Answer: no.,,Discovery,Natural Science,
,reflecting-telescope,1668,Reflecting telescopes,Isaac Newton,England,Previous refracting telescopes suffered from chromatic abberation (which Newton studied in detail with prisms). New design used a curved mirror instead of a lens.,light-spectrum,Invention,Natural Science,
,calculus,1669,Calculus,Isaac Newton / Gottfried Wilhelm Liebniz,England / Germany,"Working out laws of gravity, Newton needed a new mathematical tool. Simultaneous discovery with Liebnitz, led to epic scientific conflict for centuries.",analytic-geometry,Technique,Math,
,phosphorus,1669,Phosphorus,Hennig Brand,Germany,Nine modern elements were known at the time (eg. gold) but their discoverers were unknown. Brand discovered Phosphorus in an attempt to create gold out of urine.,chemical-elements,Discovery,Natural Science,
,fossils,1669,Fossils,Nicolaus Steno,Denmark,Fossils first identified as petrified remnants of life. View eventually prevailed. Spectacular evidence of evolution.,mineralogy,Discovery,Geography,
,double-refraction,1669,Double refraction,Erasmus Bartholin,Netherlands,"Also known as birefringence, the phenomenon involves multiple paths of light going through a calcite prism. One of the paths is polarized. (TIL).",optics,Discovery,Natural Science,
,blood-color,1669,Blood colors,Richard Lower,England,Observed different colors of blood. His work Tractatus de Corde first documented that dark red blood in veins turned brighter red from contact with air.,arteries-veins,Discovery,Medicine,
,diabetes,1670,Diabetes diagnosed,Thomas Willis,England,May have been known by ancients that diabetic urine was sweet from all of the flies that accumulated.,,Discovery,Medicine,
,saturn-satellites,1671,Saturn's four moons,Gian Domenico Cassini,Italy,"Huygens thought that the 6 known satellites (4 around Jupiter, Titan around Saturn and Moon around Earth) matched the 6 known planets, so that was that. Cassini proved him wrong.",telescope,Discovery,Space,
,mars-distance,1672,Mars distance,Gian Domenico Cassini,Italy,"Two millenium before, estimates of distance to Moon was established, but no other astronomical distances since. Cassini determined position of Mars as seen from Paris. Also determined size of solar system in general. Calculated Saturn orbit (farthest known planet) was at least 1.6e9 miles across",even-better-planetary-tables,Discovery,Space,
,speed-of-light,1675,Speed of light,Olaus Roemer,Denmark,"Estimated speed of light. Galileo tried to record speed of light, but failed. Roemer observed Jupiter's satellites from Paris Observatory, found eclipses were earlier at times of year when Earth was approaching Jupiter, and later when receding. Estimated c to be 3/4 of its actual value.",telescope,Discovery,Natural Science,
,saturn-rings,1675,Saturn's multiple rings,Gian Domenico Cassini,Italy,"Cassini observed a dark line separating inner and outer ring. Known as ""cassini's division""",telescope,Discovery,Space,
,microorganisms,1676,Microorganisms,Antoni van Leeuwenhoek,Netherlands,"Used small single lenses ground expertly to produce 200x magnification. Observed ""animalcules"" in pond water. Also first detected spermatazoa in semen.",microscope,Discovery,Natural Science,
,southern-stars,1678,Southern stars,Edmond Halley,England,"First systematic observations of southern skies. Southern sky was never visible to Europeans. Halley traveled to St. Helena in south Atlantic, returned with a catalog of 341 southern stars.","telescope, india-water-route",Discovery,Space,
,light-waves,1678,Light as wave,Christian Huygens,Netherlands,"Light: particle or wave controversy grew sharper. Newton couldn't see how light was a wave (there is nothing to wave), Huygens thought light traveled through an aether.",optics,Discovery,Natural Science,
,pressure-cooker,1679,Pressure cookers,Denis Papin,France,First useful application of steam. Tightly fitted lid increased boiling point of water to cook meat faster.,steam-engine,Invention,Natural Science,
,muscles-bones,1680,Human kinetics,Giovanni Alfonso Borelli,Italy,"Mechanical model for human kinetics. Modeled human bone and muscle as a system of levers, applying the same laws of physics to our body.",lever-math,Technique,Medicine,
,dodo-extinction,1681,Dodo extinct,,Netherlands,Dodo became first anthrogenic extinction. Mauritius had many species that evolved in isolation and were different from elsewhere. Dodo had no natural predators until the Dutch came and gradually killed them all.,india-water-route,Discovery,,
,plant-sexuality,1682,Plant sexuality,Neremiah Grew,England,"Some plants shown to reproduce sexually, sexual plant organs, that plant pollen is equivalent to animal sperm. Previously, plants were assumed to be semi-alive (eg. in Genesis, they appear alongside dry land)",botany,Discovery,Natural Science,
,bacteria,1683,Bacteria,Antoni van Leeuwenhoek,Netherlands,"Continuing to rely on his excellent lenses, saw even smaller organisms than ""animalcules"", which in retrospect turned out to be bacteria.",microorganisms,Discovery,Natural Science,
,earth-size-accurate,1684,Earth size accurate,Jean Picard,France,"Improvement over Eratosthenes' estimate based on distance of a star from zenith at different places using the help of telescopes. Estimate for radius was 3950 miles (actual 3,958.8)",telescope,Discovery,Space,
,imaginary-numbers,1685,Complex numbers,John Wallis,England,First used the complex plane to represent i=sqrt(-1).,negative-numbers,Technique,Math,
,meteorological-map,1686,Trade winds mapped,Edmond Halley,England,"First world map showing consistent winds. Seasonal winds called monsoons come from the arabic word meaning ""season"". These and steady winds were never documented before. Halley hinted at sun-heated air but didn't understand reason for westward flow.",world-maps,Technique,Geography,
,plant-classification,1686,Plant species classified,John Ray,England,"Published a volume classifying 18600 different plant species, including a pretty good taxonomy.",animal-classification,Discovery,Natural Science,
,laws-motion,1687,Laws of motion,Isaac Newton,England,"Since Kepler discovered eliptical orbits, many scientists tried to understand the underlying laws. Eventually Newton published Principia, widely considered greatest science book ever written. Included three laws of motion.",elliptical-planetary-orbits,Discovery,Natural Science,
,universal-gravitation,1687,Universal graviation,Isaac Newton,England,Formulation of the force of gravity between any two bodies (that F=G m1 m2 / d^2) explained bodies in known universe.,laws-motion,Discovery,Natural Science,
,shape-of-earth,1687,Non-spherical earth,Isaac Newton,England,"Earth shape suggested as oblate spheroid. When Richer traveled to Cayenne to determine Mars parallax, found pendelum beats slower there than in Paris. Newton suggested that this was due to difference in gravity at equator vs. at poles. This would mean earth would bulge.","universal-gravitation, planetary-tables",Discovery,Natural Science,
,plate-glass,1688,Plate glass,,France,"Techniques for making glass without blowing. Clear glass was a luxury until in France, large sheets of glass were made for mirrors and windows, and went into widespread use.",glass-blowing,Technique,,
,animal-classification-improved,1691,Improved animal classifications,John Ray,England,"Classified animals logistically based on hooves, toes, and teeth.",animal-classification,Discovery,Natural Science,
,calculating-machines,1693,Calculating machines,Gottfried Wilhelm Liebniz,Germany,"Built the Step Reckoner, a mechanical aid to calculation of trig and astronomical tables.",adding-machine,Invention,Math,
,mortality-tables,1693,Mortality tables,Edmond Halley,England,He produced a life table showing the number of people surviving to any age from a cohort born the same year,probability,Technique,Math,
,miners-friend,1698,Miner's friend,Thomas Savery,England,"Miner's Friend invented to pump water out of flooded mines. Steam-powered air pump to help English coal mining, which was increasingly relied upon because of shortage of wood. ",air-pump,Invention,Natural Science,
,scientific-voyages,1698,Scientific ocean voyages,Edmond Halley,England,"First ocean voyage exclusively for science. Prior, voyages were taken for exploration, settlement or trade, with science as a side-effect. Halley's voyage measured magnetic declinations around the world, prepared first map of the world showing isodeclination, and accurate lat/long for ports. ",india-water-route,Institution,Natural Science,
,gas-volume-temperature,1699,Gas volume temperature,Guillaume Amontons,France,"Discovery that volume of gas proportional to temperature. A step towards gas laws, but not quite precise enough measurements yet.",air-pressure,Discovery,Natural Science,
,binary-system,1700,Binary system,Gottfried Wilhelm Liebniz,Germany,"First use of non-decimal bases (8, 12) as well as binary system.",decimal-notation,Invention,Math,